{"0": [[376.7697206683124, 170.01625401398942], [375.59131782024303, 215.24345663680114], [345.12197964204773, 92.48372598318167], [339.0582594255694, 293.6392018305469], [336.6385808219667, 143.30861124429308], [333.6223028425795, 240.65928604125298], [309.11732656117607, 89.51630463369173], [302.01599294791987, 295.17053626922103], [257.5068510966103, 49.53613802909888], [245.79310183766324, 335.2301297399845], [124.56813189712949, 112.44581178216683], [116.00437020370794, 263.2228731055938], [116.13955641669861, 110.3315582259213], [107.19192388548731, 265.0444475094396]], "1": [[479.92271448840086, 173.88868429236757], [479.1188162456021, 218.05968415831555], [449.46959514255536, 99.69103771279117], [445.02963042409556, 295.27127990127997], [441.8107681541743, 149.22594728025513], [439.5772043420722, 243.78807577307865], [415.7342013112754, 98.2862654048115], [410.26533396606624, 297.27938070979275], [367.78175036119245, 62.14960740784568], [358.32549466474563, 336.6531681258314], [247.96921700739045, 127.15406202154165], [240.70189072117108, 269.57226102011407], [240.4907857951926, 125.46858439458114], [232.88622819836934, 271.4430266263047]], "2": [[579.05916414037, 174.68145656288945], [578.7062369544683, 218.63054922878655], [548.4245304406746, 102.29315558420751], [545.9421758006604, 296.04087168966583], [541.4129287983083, 151.5226767613652], [540.1230182301895, 245.11290639690833], [515.5920944578609, 102.32475694518666], [512.0912205155122, 298.5375038935953], [469.168896454899, 69.04650535900993], [462.4254823139852, 337.89973085336624], [357.07858887149416, 136.9284052801408], [351.3257900421037, 274.2124514522881], [350.159085411765, 135.5801770613946], [344.11912670007786, 276.1497216580375]], "9": [[374.49977736152925, 301.6008931502958], [373.2572066223379, 347.88638182957584], [342.6901130639076, 222.69190398420562], [336.3524762832095, 428.58194717349386], [334.0808138125098, 274.83045082050506], [330.93307701261676, 374.4758128325499], [306.39090395242454, 220.14997389026706], [299.0217716489194, 430.67630639992296], [254.3780519292087, 179.92067445722554], [242.3166318750179, 472.44615743590634], [120.20400768934326, 246.17578819158683], [111.48583567410276, 400.64336766539776], [111.69883443234983, 244.12718078539672], [102.59461437702873, 402.63253089658167]]}